{"cameraMode":{"drawMode":0,"name":"Shaded","section":"Shading Mode"},"sceneLighting":true,"audioPlay":false,"sceneViewState":{"m_AlwaysRefresh":false,"showFog":true,"showSkybox":true,"showFlares":true,"showImageEffects":true,"showParticleSystems":true,"showVisualEffectGraphs":true,"m_FxEnabled":true},"in2DMode":false,"pivot":{"x":11.123390197753907,"y":-2.0152816772460939,"z":-0.09867465496063233},"rotation":{"x":0.11074204742908478,"y":0.022657766938209535,"z":-0.002526797354221344,"w":0.9935948848724365},"size":16.548620223999025,"orthographic":false}